{"cameraMode":{"drawMode":0,"name":"Shaded","section":"Shading Mode"},"sceneLighting":true,"audioPlay":false,"sceneViewState":{"showFog":true,"showMaterialUpdate":true,"showSkybox":true,"showFlares":true,"showImageEffects":true,"showParticleSystems":true},"in2DMode":false,"pivot":{"x":613.12744140625,"y":250.1832275390625,"z":-1.6435495615005494},"rotation":{"x":0.005689925979822874,"y":-0.00840245746076107,"z":-0.00004782113683177158,"w":-0.9999485611915588},"size":732.4154052734375,"orthographic":false}